customer_id,n,macro_f1
88,224,0.4115745965170987
185,3078,0.4557353622953884
260,6478,0.5332659914043864
328,4281,0.4732224238268112
537,13425,0.6132631248520608
