customer_id,n,macro_f1
88,224,0.46204037146954136
185,3078,0.5665874298052007
260,6478,0.6196818387723865
328,4281,0.5707301587780869
537,13425,0.6784314243857124
