{
  "Вентиляция": {
    "precision": 0.6052631578947368,
    "recall": 0.9177057356608479,
    "f1-score": 0.7294350842418236,
    "support": 401.0
  },
  "Водоотведение": {
    "precision": 0.7531212243254128,
    "recall": 0.7214506172839507,
    "f1-score": 0.7369458128078817,
    "support": 2592.0
  },
  "Водоснабжение": {
    "precision": 0.8204841713221601,
    "recall": 0.41542523100132,
    "f1-score": 0.5515773660490736,
    "support": 5303.0
  },
  "ГВС": {
    "precision": 0.3215006050826946,
    "recall": 0.8241985522233712,
    "f1-score": 0.4625652930934417,
    "support": 967.0
  },
  "Домофоны": {
    "precision": 0.9165067178502879,
    "recall": 0.963673057517659,
    "f1-score": 0.9394982784062961,
    "support": 991.0
  },
  "Засор водоотведения": {
    "precision": 0.24857685009487665,
    "recall": 0.6421568627450981,
    "f1-score": 0.35841313269493846,
    "support": 204.0
  },
  "Иное": {
    "precision": 0.4679972470750172,
    "recall": 0.35142118863049093,
    "f1-score": 0.4014167650531287,
    "support": 1935.0
  },
  "Крыша": {
    "precision": 0.6445578231292517,
    "recall": 0.8752886836027713,
    "f1-score": 0.742409402546523,
    "support": 866.0
  },
  "Отопление": {
    "precision": 0.9572637315359243,
    "recall": 0.898626817447496,
    "f1-score": 0.9270189570168739,
    "support": 7428.0
  },
  "Прочее": {
    "precision": 0.4534769833496572,
    "recall": 0.38744769874476986,
    "f1-score": 0.41787003610108303,
    "support": 1195.0
  },
  "Ремонт": {
    "precision": 0.16911764705882354,
    "recall": 0.41566265060240964,
    "f1-score": 0.24041811846689895,
    "support": 166.0
  },
  "Уборка внутренняя": {
    "precision": 0.7069672131147541,
    "recall": 0.8778625954198473,
    "f1-score": 0.7832009080590239,
    "support": 393.0
  },
  "Уборка уличная": {
    "precision": 0.671201814058957,
    "recall": 0.925,
    "f1-score": 0.7779237844940867,
    "support": 960.0
  },
  "ХВС": {
    "precision": 0.49465104431991846,
    "recall": 0.8105175292153589,
    "f1-score": 0.6143625434988927,
    "support": 1198.0
  },
  "Электроснабжение": {
    "precision": 0.9471473573678684,
    "recall": 0.9373051610668514,
    "f1-score": 0.942200557103064,
    "support": 2887.0
  },
  "accuracy": 0.7232409226515317,
  "macro avg": {
    "precision": 0.6118555725053559,
    "recall": 0.7309161587441494,
    "f1-score": 0.6416837359755353,
    "support": 27486.0
  },
  "weighted avg": {
    "precision": 0.7716357679750843,
    "recall": 0.7232409226515317,
    "f1-score": 0.725267937171268,
    "support": 27486.0
  }
}