{
  "Вентиляция": {
    "precision": 0.6418439716312057,
    "recall": 0.9027431421446384,
    "f1-score": 0.7502590673575129,
    "support": 401.0
  },
  "Водоотведение": {
    "precision": 0.7448680351906158,
    "recall": 0.7839506172839507,
    "f1-score": 0.7639097744360902,
    "support": 2592.0
  },
  "Водоснабжение": {
    "precision": 0.9120491174213354,
    "recall": 0.7956614890198179,
    "f1-score": 0.8498891511120646,
    "support": 7468.0
  },
  "Домофоны": {
    "precision": 0.9137931034482759,
    "recall": 0.9626639757820383,
    "f1-score": 0.9375921375921376,
    "support": 991.0
  },
  "Засор водоотведения": {
    "precision": 0.31443298969072164,
    "recall": 0.5980392156862745,
    "f1-score": 0.41216216216216217,
    "support": 204.0
  },
  "Иное": {
    "precision": 0.49299568965517243,
    "recall": 0.4728682170542636,
    "f1-score": 0.4827222368768135,
    "support": 1935.0
  },
  "Крыша": {
    "precision": 0.6330196749358425,
    "recall": 0.8545034642032333,
    "f1-score": 0.7272727272727273,
    "support": 866.0
  },
  "Отопление": {
    "precision": 0.947631615502153,
    "recall": 0.9184168012924071,
    "f1-score": 0.9327955151432282,
    "support": 7428.0
  },
  "Прочее": {
    "precision": 0.45977984758679086,
    "recall": 0.45439330543933054,
    "f1-score": 0.45707070707070707,
    "support": 1195.0
  },
  "Ремонт": {
    "precision": 0.19718309859154928,
    "recall": 0.3373493975903614,
    "f1-score": 0.24888888888888888,
    "support": 166.0
  },
  "Уборка внутренняя": {
    "precision": 0.705050505050505,
    "recall": 0.8880407124681934,
    "f1-score": 0.786036036036036,
    "support": 393.0
  },
  "Уборка уличная": {
    "precision": 0.707256046705588,
    "recall": 0.8833333333333333,
    "f1-score": 0.7855488652153775,
    "support": 960.0
  },
  "Электроснабжение": {
    "precision": 0.9528631284916201,
    "recall": 0.9452719085555941,
    "f1-score": 0.9490523387237002,
    "support": 2887.0
  },
  "accuracy": 0.815469693662228,
  "macro avg": {
    "precision": 0.6632897556847213,
    "recall": 0.753633506142572,
    "f1-score": 0.698707662145188,
    "support": 27486.0
  },
  "weighted avg": {
    "precision": 0.8294862344317835,
    "recall": 0.815469693662228,
    "f1-score": 0.8194817038898535,
    "support": 27486.0
  }
}