{
  "Вентиляция": {
    "precision": 0.5782208588957055,
    "recall": 0.940149625935162,
    "f1-score": 0.7160493827160493,
    "support": 401.0
  },
  "Водоотведение": {
    "precision": 0.7676295666949873,
    "recall": 0.6971450617283951,
    "f1-score": 0.7306914678528104,
    "support": 2592.0
  },
  "Водоснабжение": {
    "precision": 0.8281487101669196,
    "recall": 0.4116537808787479,
    "f1-score": 0.5499433177982114,
    "support": 5303.0
  },
  "ГВС": {
    "precision": 0.3126206098031648,
    "recall": 0.8376421923474664,
    "f1-score": 0.45531197301854975,
    "support": 967.0
  },
  "Домофоны": {
    "precision": 0.9273797841020608,
    "recall": 0.9535822401614531,
    "f1-score": 0.9402985074626866,
    "support": 991.0
  },
  "Засор водоотведения": {
    "precision": 0.23529411764705882,
    "recall": 0.6666666666666666,
    "f1-score": 0.34782608695652173,
    "support": 204.0
  },
  "Иное": {
    "precision": 0.515220700152207,
    "recall": 0.34987080103359175,
    "f1-score": 0.4167436134195137,
    "support": 1935.0
  },
  "Крыша": {
    "precision": 0.640506329113924,
    "recall": 0.8764434180138568,
    "f1-score": 0.7401267674305217,
    "support": 866.0
  },
  "Отопление": {
    "precision": 0.956403659233848,
    "recall": 0.9007808292945612,
    "f1-score": 0.927759290072102,
    "support": 7428.0
  },
  "Прочее": {
    "precision": 0.512639029322548,
    "recall": 0.42426778242677826,
    "f1-score": 0.4642857142857143,
    "support": 1195.0
  },
  "Ремонт": {
    "precision": 0.16101694915254236,
    "recall": 0.4578313253012048,
    "f1-score": 0.23824451410658307,
    "support": 166.0
  },
  "Уборка внутренняя": {
    "precision": 0.7601713062098501,
    "recall": 0.9033078880407125,
    "f1-score": 0.8255813953488372,
    "support": 393.0
  },
  "Уборка уличная": {
    "precision": 0.6778882938026014,
    "recall": 0.9229166666666667,
    "f1-score": 0.7816497573886193,
    "support": 960.0
  },
  "ХВС": {
    "precision": 0.48388648388648386,
    "recall": 0.8397328881469115,
    "f1-score": 0.6139761977418371,
    "support": 1198.0
  },
  "Электроснабжение": {
    "precision": 0.9539866526167896,
    "recall": 0.9407689643228264,
    "f1-score": 0.9473317056156261,
    "support": 2887.0
  },
  "accuracy": 0.7251327948773921,
  "macro avg": {
    "precision": 0.6207342033867127,
    "recall": 0.7415173420643335,
    "f1-score": 0.646387979414279,
    "support": 27486.0
  },
  "weighted avg": {
    "precision": 0.7808003142115322,
    "recall": 0.7251327948773921,
    "f1-score": 0.7283329183429241,
    "support": 27486.0
  }
}