{
  "Вентиляция": {
    "precision": 0.6666666666666666,
    "recall": 0.8229426433915212,
    "f1-score": 0.7366071428571429,
    "support": 401.0
  },
  "Водоотведение": {
    "precision": 0.7395151981531358,
    "recall": 0.7415123456790124,
    "f1-score": 0.74051242535157,
    "support": 2592.0
  },
  "Водоснабжение": {
    "precision": 0.7661616161616162,
    "recall": 0.572128983594192,
    "f1-score": 0.6550793479434308,
    "support": 5303.0
  },
  "ГВС": {
    "precision": 0.3887884267631103,
    "recall": 0.6670113753877973,
    "f1-score": 0.49124143183549124,
    "support": 967.0
  },
  "Домофоны": {
    "precision": 0.9050949050949051,
    "recall": 0.9142280524722503,
    "f1-score": 0.9096385542168675,
    "support": 991.0
  },
  "Засор водоотведения": {
    "precision": 0.2786885245901639,
    "recall": 0.5833333333333334,
    "f1-score": 0.37717908082408874,
    "support": 204.0
  },
  "Иное": {
    "precision": 0.4113022113022113,
    "recall": 0.4325581395348837,
    "f1-score": 0.4216624685138539,
    "support": 1935.0
  },
  "Крыша": {
    "precision": 0.6797698945349953,
    "recall": 0.8187066974595842,
    "f1-score": 0.7427972760607648,
    "support": 866.0
  },
  "Отопление": {
    "precision": 0.957692870736349,
    "recall": 0.8807215939687668,
    "f1-score": 0.9175959043411179,
    "support": 7428.0
  },
  "Прочее": {
    "precision": 0.3916967509025271,
    "recall": 0.3631799163179916,
    "f1-score": 0.3768996960486322,
    "support": 1195.0
  },
  "Ремонт": {
    "precision": 0.17746478873239438,
    "recall": 0.3795180722891566,
    "f1-score": 0.2418426103646833,
    "support": 166.0
  },
  "Уборка внутренняя": {
    "precision": 0.6895161290322581,
    "recall": 0.8702290076335878,
    "f1-score": 0.7694038245219348,
    "support": 393.0
  },
  "Уборка уличная": {
    "precision": 0.6446858029480217,
    "recall": 0.865625,
    "f1-score": 0.7389951089373055,
    "support": 960.0
  },
  "ХВС": {
    "precision": 0.5749656121045392,
    "recall": 0.6978297161936561,
    "f1-score": 0.6304675716440422,
    "support": 1198.0
  },
  "Электроснабжение": {
    "precision": 0.9465983906364301,
    "recall": 0.8964322826463457,
    "f1-score": 0.9208325920654687,
    "support": 2887.0
  },
  "accuracy": 0.7326639016226443,
  "macro avg": {
    "precision": 0.6145738525572882,
    "recall": 0.700397143993472,
    "f1-score": 0.6447170023684262,
    "support": 27486.0
  },
  "weighted avg": {
    "precision": 0.7598129297216712,
    "recall": 0.7326639016226443,
    "f1-score": 0.739768529948696,
    "support": 27486.0
  }
}